{
  "sample_id": "SRR21064278",
  "species": "human",
  "n_cells": 1017,
  "n_genes_detected": 29024,
  "median_umi": 34882,
  "mean_umi": 38698.95771878073,
  "p25_umi": 19708.0,
  "p75_umi": 50003.0,
  "median_genes": 7304,
  "mean_pct_mt": 5.447345068083099,
  "median_pct_mt": 5.465225163871627,
  "mt_genes_in_features": 37,
  "mt_detection_warning": false
}