{
  "sample_id": "SRR21064279",
  "species": "human",
  "n_cells": 9115,
  "n_genes_detected": 42063,
  "median_umi": 6188,
  "mean_umi": 6835.659023587493,
  "p25_umi": 4180.5,
  "p75_umi": 8759.0,
  "median_genes": 1813,
  "mean_pct_mt": 23.82246552302742,
  "median_pct_mt": 13.273146369573569,
  "mt_genes_in_features": 37,
  "mt_detection_warning": false
}